password,username,group
v3e.U?V$.hAJ,user1,hr
~Yoah_&bgbE3,user2,it
^7LWL/Uwotdd,user3,executive-staff
A/Wb`a!R7LsM,user4,hr
ojL3mEj3.$@7,user5,it
j_@eF\~gPg/4,user6,marketing
JWL/H9diFv&L,user7,hr
Ay4JH/nuef\H,user8,it
Y.z4YJd9b4PV,user9,executive-staff
cMyaK`/9Pizm,user10,accounting
?a9vyAud@nXj,user11,accounting
TMp!Y@ANXF4m,user12,it
g?ycn_33Coxs,user13,accounting
3Xuj$HR~Kz`\,user14,hr
?!\7TRCbL-nc,user15,executive-staff
jx43PT-xN%_T,user16,marketing
HF\Y4i~d@.nP,user17,it
z!4uwXE-u7pg,user18,hr
7t$bYc~KK_Vp,user19,accounting
kd_uF9~$pAp9,user20,hr
4`E4pfjH@jjg,user21,accounting
ov_X/?Lwq.9a,user22,marketing
kkcjf^a9f%NT,user23,hr
tW&?\@oM7r?!,user24,it
pc$sPa@u3_h.,user25,executive-staff
@aXxfrjx3JcJ,user26,it
.n^vjm/A?P&7,user27,hr
._3K%Rks-Utq,user28,executive-staff
U49UM9ibPK@f,user29,executive-staff
/Ch4piPmHiw@,user30,accounting
oo4/CJ%_PHEY,user31,hr
XsYi$orHt4ia,user32,it
^gg_m?9Cv$\e,user33,hr
m.ETXY-Cz7~M,user34,hr
``4uv~H&AzjR,user35,hr
A%u~9f\3RNLd,user36,executive-staff
!Yvfo^XLhn?9,user37,executive-staff
@PcW.snV3a-k,user38,marketing
kkzM4^aTy/n9,user39,marketing
b3~&ktdVeN9V,user40,hr
3LWnhjjs?cAn,user41,it
yNhk&H~Rk&&7,user42,accounting
$EN3ARVMKMd3,user43,it
@3ph_&uWEYF-,user44,executive-staff
e@$-H3FWg_-h,user45,accounting
V%Xqi9id.LPh,user46,marketing
AMoTW4@Rz@aF,user47,it
@VYbkkx9ke$V,user48,marketing
/4&PxJRC$oak,user49,accounting
Tv7\^VmFwWe^,user50,accounting
gb7vnC7UKq&y,user51,executive-staff
Ezcyu9pqqr%\,user52,executive-staff
i!rv9Xjxonj^,user53,it
reA-VXjF3-9i,user54,marketing
h!4%iMezs~$X,user55,marketing
MNvfj-3oVcw`,user56,hr
a.3i3kE\@x^E,user57,marketing
!F7abizLuhoR,user58,accounting
&g7XjoNP7JEx,user59,hr
YP.y?%N~^7uc,user60,executive-staff
kqTyYV!3\q~h,user61,accounting
rfEbT&kW?3g%,user62,accounting
9c_mMenRq&tz,user63,accounting
KV-A4.$@UN&U,user64,accounting
n&?7h`J@VV\H,user65,accounting
s`?rgd__Pp4u,user66,accounting
$9N@PCNdEeXo,user67,it
UCrkmvu3/3t~,user68,hr
@aPK\JRRu$P4,user69,hr
^wCeVXq.?77z,user70,hr
mj$wE9eqnc?g,user71,hr
47/&Yu_UP~&`,user72,it
z7xC~F&My4M&,user73,executive-staff
NJ$xCWaV3xC^,user74,marketing
k`PdadqHru3m,user75,executive-staff
-&anah4bTeUJ,user76,it
3q@r$m$$XWz\,user77,hr
qittqw!t.E7h,user78,hr
.3tM^P7xdzCW,user79,accounting
4jrqzf%fYg&u,user80,hr
Y@z$MP9z&q~q,user81,executive-staff
.qoA4$zT/~x^,user82,hr
s&rs9/ytU_Un,user83,accounting
fE\sw47W?!p&,user84,it
wzbP4Wn3N$~P,user85,accounting
ne_k3CyVgUx/,user86,hr
-F?W7oX?TrEM,user87,hr
$nJMggLovsw9,user88,it
3bC.~@x\VWaz,user89,it
kbuwP$YcC3J4,user90,it
Y%h?7Yy`!ab/,user91,accounting
C7oa7P%vYe.d,user92,marketing
Uh&&W7gp`/Vx,user93,executive-staff
sApW4qU-b_\K,user94,marketing
4z7cfqkwN$7x,user95,it
-$V`KC-4&/wP,user96,hr
%X&C.fgax9?X,user97,marketing
c$%utvjhKdE9,user98,marketing
?P44_pHrAJ4L,user99,accounting
jhHw97P!E3-$,user100,executive-staff
